153cm,WOMEN,JP,http://cdn.wimg.jp/coordinate/unznub/20170118162131711/20170118162131711_500.jpg
164cm,WOMEN,JP,http://cdn.wimg.jp/coordinate/ck1nb4/20170118162133518/20170118162133518_500.jpg
157cm,WOMEN,JP,http://cdn.wimg.jp/coordinate/pt9pp7/20170118164109090/20170118164109090_500.jpg
171cm,MEN,JP,http://cdn.wimg.jp/coordinate/vb2erp/20170118184719335/20170118184719335_500.jpg
160cm,WOMEN,JP,http://cdn.wimg.jp/coordinate/3hn3k0/20170118162222939/20170118162222939_500.jpg
165cm,WOMEN,JP,http://cdn.wimg.jp/coordinate/kq3jgo/20170118162256664/20170118162256664_500.jpg
158cm,WOMEN,JP,http://cdn.wimg.jp/coordinate/6jzjyh/20170119072016366/20170119072016366_500.jpg
162cm,WOMEN,JP,http://cdn.wimg.jp/coordinate/a5m2pl/20170118182801942/20170118182801942_500.jpg
158cm,WOMEN,JP,http://cdn.wimg.jp/coordinate/6jzjyh/20170124070359795/20170124070359795_500.jpg
90cm,KIDS,JP,http://cdn.wimg.jp/coordinate/27vqwa/20170118162407660/20170118162407660_500.jpg
160cm,WOMEN,JP,http://cdn.wimg.jp/coordinate/mje9m9/20170201131345049/20170201131345049_500.jpg
90cm,KIDS,JP,http://cdn.wimg.jp/coordinate/plz17z/20170118162431517/20170118162431517_500.jpg
171cm,MEN,TW,http://cdn.wimg.jp/coordinate/qgiua1/20170118162432069/20170118162432069_500.jpg
163cm,MEN,JP,http://cdn.wimg.jp/coordinate/9oy3ik/20170118162446681/20170118162446681_500.jpg
155cm,WOMEN,JP,http://cdn.wimg.jp/coordinate/yquq8v/20170224150109642/20170224150109642_500.jpg
160cm,WOMEN,JP,http://cdn.wimg.jp/coordinate/bzkxb9/20170118162508474/20170118162508474_500.jpg
158cm,WOMEN,JP,http://cdn.wimg.jp/coordinate/6jzjyh/20170131070559111/20170131070559111_500.jpg
152cm,WOMEN,JP,http://cdn.wimg.jp/coordinate/qjry8a/20170118162531362/20170118162531362_500.jpg
176cm,MEN,JP,http://cdn.wimg.jp/coordinate/3royil/20170118162545387/20170118162545387_500.jpg
160cm,WOMEN,JP,http://cdn.wimg.jp/coordinate/bzkxb9/20170118162546879/20170118162546879_500.jpg
148cm,WOMEN,JP,http://cdn.wimg.jp/coordinate/bar2le/20170118233029929/20170118233029929_500.jpg
