,tag
0,ダサい
1,
2,PRADA
3,赤いスカート
4,armaniexchange
5,クリスマス近い
6,スエパン
7,air jordan 1
8,ビューラブズ
9,code
10,マウントレイニアデザイン
11,coenでキレイめスタイル
12,AZUL
13,aboutalook
14,チェックニット
15,ビックシャツ
16,PCCU
17,チャリ
18," white sneakers"""
19,メリハリ
20,服バカ
21,シンプルカラー
22,子供コーデ
23,エロカワ
24,mohair
25,ELECTRIC
26,ストリート
27,ラーメン博物館
28,コメント
29,デニムブーツ
30,SOU・SOU
31,おそろコーデ
32,クリボー
33,近所
34,ビューティフルピープル
35,レディアゼル
36,dieselblackgold
37,DUNO
38,白デニム
39,ミラコスタ
40,ギンギラギンにさりげなく
41,大雪
42,タイト(スカート シルエット)
43,別に好きでもない
44,みんなへ感謝♡
45,Russian
46,デニムトレンチ
47,DEUS
48,キューズモール
49,NEW SINGLE ズボラ女子 NOW ON SALE
50,メンズレギンス
51, プレーントゥシューズ
52,クロス
53,オーバーサイズMA-1
54,カジュアルかわいい
55,weekend
56,福袋コーデ
57, ネイティブ柄
58,アンドワンダー
59,Branshes
60,MRL247
61,キャンパス
62,ALDO
63,シマウマ柄
64, コート
65,青の洞窟
66,NIKE AIR
67,キャップ後ろかぶり
68,SAINTJAMES
69,モアアップテンポ
70,ネンドロイドコート
71,tiffany&co
72,ニットカーディガン
73,色使いすぎ
74,ANTI HERO
75,探し物は得も知れない場所から出るもの
76,スナフキン
77,BLANKS
78,McQueen
79,newstart
80,sneaker
81,ひつじヘア
82,セクシーコーデ
83,萌え袖
84,drkshdw
85,hakkakids
86,夏秋コーデ
87,袖刺繍
88,中学生男子
89,ライラック
90,画家さんコーデ
91,GIRLSRULE
92,アメコミ
93,ロックT
94,おままごと
95,インクブルー
96,Tシャツ×パーカー
97,DOUCAL'S
98,高身長女子
99,レミオロメン
100,美容学生
101,シスタージェニー
102,塾終わり
103,お洒落な人と繋がりたい
104,じゃないよ
105,場末のミニシアター
106,Vラインシルエット
107,オールGU
108,リボン柄
109,ロレックス
110,ミカエルフォック
111,salvia靴下
112,ドレスカジュアル
113,赤パンツ
114,アメリエル マジェスティックレゴン(amelier MAJESTIC LEGON)
115,赤スカート
116,外国人風
117,スタンダードカルフォルニア
118,チェック好き
119,Julien david
120,タイトミニ
121,ボーダー大好き会
122,お嬢様
123, キレイめコーデ
124,アールエヌエー
125,12月WEAR月間タグファン感謝祭
126,ナゴヤドーム
127,ワイドブリムボーラーハット
128, きれいめカジュアル
129,patagonia
130,わたしらしくないﾋﾟﾝｸ
131,アドバイス求む
132,イルミネーション
133,cepo
134,ふわふわニット
135,グラデーションコーデ
136,レオパード柄(柄・デザイン)
137,ミキハウスランド
138,pants
139,サンタ帽子
140,空腹
141,Munich
142,ニトリ
143,豊島
144,ﾃﾞﾆﾑｼｭｰｽﾞ
145,どっか
146,ペイントデニム
147,レッド×グリーン
148,ドクターマーチン
149,パーティールック
150,鍋パ
151,まっかっか
152,InRed
153,モヘアカーディガン
154,大阪城ラジオ体操会
155,ニットパーカー
156, 黒
157,冬の着込み度89%
158,ファンシー
159,ノーカラーロングコート
160,SILVANO MAZZA
161,デニムスカートINスタイル
162,babylone
163,オーラリー
164,アンティークマーケット
165,old gold
166,パターンオンパターン
167,旅行2日目コーデ
168,ドラミちゃん
169,ミント神戸
170,デニム風
171,茶系
172,LBD
173,今日のコーデ
174,休闲
175,はりーの今日のテーマとテーマ曲
176,秋
177,愛車
178,ベアフットドリームス
179,うちまた同盟
180,海外旅行
181,sk8-hi
182,DOSCH
183,uu
184,sundance
185,銀山温泉
186,ムートンベスト
187,ラグジュアリーストリート
188,スネーク柄
189,魔法使い
190,ぶらり旅
191,ファー帽子 でかすぎ
192,替玉
193,BASIQUENTI
194,美脚効果
195,a bond
196,秋元梢
197,chocker
198,赤カーディガン
199,177cm
