who's who chico,シンプル,変形スカート,フレアスカート,ニットスカート
シンプル,スニーカー,タートルネックニット,ロシアン帽,merフレンズ,青文字系,ニコアンド,エヘカソポ,コンバース,冬
WEGO,出勤コーデ,ヘアバンド,お団子ヘアー,レーストップス,カーディガン,リボン,コンバース,GU
冬,ワンピース,編み上げスカート,白ニット,ダッフルコート,コート ネイビー,ミニスカート,ヘアバンド,内巻き,ボブアレンジ
結婚式,パーティースタイル,オケージョン,ジャンプスーツ,オールインワン,サロペット,ダウンジャケット,ネックレス,きれいめカジュアル
きれいめカジュアル,カジュアル,ホワイト,ベージュ,カットオフ,キャップ,ストリート,スウェット,ローキャップ,ラフ
アウター,ピンク,ノーカラーコート,シャギー,ワイドスリーブ,コーデュロイ,ニット
ダメージデニムパンツ,レオパード,ショートブーツ,Doシンプル部,いい友連合,ロングカーディガン,オトナカジュアル,きれいめカジュアル,お団子ヘアー,ダメージデニム
ミリタリー,ミリタリージャケット,フライトジャケット,Buzz Rickson,黒スキニー,ユニクロ,ドレスシューズ,白ソックス,冬
シンプル,ダル着,チャンピオン,AVIREX,ディッキーズ(Dickies),ちょっとそこまで
