スウェット,nike,キャスケット,モノトーン,メンズライク,ラフ,ootd,シンプルコーデ,MM6,ゆるコーデ
カジュアル,スニーカー,パーカー,UNIQLO,カーキ,WEGO,VANS,スヌード,しまむら
ニット帽,赤ニット帽,MA-1,スカート,ロングスカート,カジュアル,2017KFWS告知,スニーカー
ストリート,パープル,パーカー,MA-1,別珍,スニーカー,HARE,VANS
スラックスパンツ,ブルゾン,タートルネック,スニーカー,黒ニット,ZARA,モノトーン
デニム,カジュアル,シャツスタイル
オトナカジュアル,カジュアル,ショルダーバッグ,パンプス,ミリタリー,ロングジャケット,カーキ,きれいめカジュアル,ザラジョ
EMODA
シンプルコーデ,冬,カジュアルコーデ,春コーデ,ボーダー,キルティング,ボーダートップス
親子コーデ,アメカジ,女の子,パパコーデ
ベレー帽,ぐるぐるマフラー,セーラーカラー,ボーダーワンピース,マムジーンズ,赤靴下,ママコーデ,ぽっちゃり,むしろデブ´д` ;
キッズコーデ,おんなのこ,2歳,ハット,ニット,MA-1,manmaru.a,GLOBAL WORK
TWOXPIECE,vintageshop,新竹市文昌街中正台夜市第六街245號,二手救春秋,ootd,outfit,vintage,nogender,England,LONDON
imver
ノーカラーコート,シンプル,オトナカジュアル,サロペット,オーバーオール,タートルネック,ストール,クラッチバッグ,ロールアップ,レイヤードスタイル
ブラウス,パンプス,カジュアル,シンプル,ホワイト,ローファー,パステルカラー,ボウタイ,パンツスタイル,シャツスタイル
冬コーデ,きれいめカジュアル,ベージュ,カジュアル,ボア,ミリタリー,ロングコート,カーキ,オトナカジュアル
カジュアル,シンプル,キャメル,キレイめ,キャメルアウター,冬,きれいめカジュアル,ootd,オトナカジュアル,チビーズ✳︎
デニム,スキニー,ネイビー,レザージャケット,インディアンジュエリー,VANS,ブラック,ootd,ボア,カジュアル
カジュアル,シンプル,ホワイト,ワントーンコーデ,ローファー,ハット,キャメル,ベルト,パンツスタイル,オトナカジュアル
ボーイッシュ,スキニーパンツ,綺麗めカジュアル
ベビー,ベビーコーデ,おんなのこ,生後7ヶ月,ニット,ロンパース,うさぎ
スウェット,デニム,カジュアル
ジャンパースカート,オトナカジュアル,オトナ女子
カジュアル,シンプルコーデ,おとこのこ,ハンドメイド,冬コーデ,ダウンベスト,ムートンブーツ,2歳,サルエルパンツ,プチプラ
パンプス,カジュアル,シンプル,リボン,パンツスタイル,カラーパンプス,オトナカジュアル,袖リボン
カジュアル,黒,スニーカー,もこもこ,GU,ダイソー,リブハイネックT,UNIQLOコーデ,ファー小物,black
スニーカー,GU,サロペット,ママコーデ,WEAR昭和部,WEARママ部,ベレー帽,ボーダー,ムートンコート,オトナカジュアル
タイトスカート,カジュアル,シンプル,プルオーバー,リボン,チェックスカート,冬,オフショル,きれいめカジュアル,オトナカジュアル
INGNI,おそろいコーデ,刺繍,プリクラ,カジュアル
