0,1
ADAM ET ROPE',86.0
SHIPS for women,61.0
BEAUTY&YOUTH UNITED ARROWS,31.0
Odette e Odile,18.0
JOURNAL STANDARD relume,15.0
SLOBE IENA,14.0
Spick & Span,14.0
ROPE' PICNIC,13.0
UNITED ARROWS,13.0
repetto,13.0
JOURNAL STANDARD,12.0
LE JUN,10.0
RODE SKO,10.0
IENA,10.0
ZARA,10.0
TODAYFUL,9.0
Spick and Span Noble,8.0
FRAMeWORK,8.0
URBAN RESEARCH DOORS WOMENS,8.0
KBF,8.0
MARCO BIANCHINI,7.0
COLONY 2139,6.0
niko and...,5.0
YAECA,4.0
KOE,4.0
Le Talon,4.0
E hyphen world gallery MANIA,3.0
FABIO RUSCONI,3.0
Another Edition,3.0
clef cle,3.0
Handmade,3.0
Begg & Co,3.0
MEER.,2.0
IENA SLOBE,2.0
YANUK,2.0
bpr BEAMS,2.0
6(ROKU) BEAUTY&YOUTH UNITED ARROWS,2.0
plage,2.0
Johnstons,1.0
VIKTOR&ROLF,1.0
JAM HOME MADE,1.0
Johnbull Private labo,1.0
emu,1.0
Marie Hill,1.0
URBAN RESEARCH ROSSO,1.0
AMERICAN RAG CIE,1.0
Plage,1.0
select MOCA,1.0
SEE BY CHLOE,1.0
sangacio,1.0
L.L.Bean,1.0
Waste(twice),1.0
CIRCOLO 1901,1.0
Bonappetit,1.0
