SENSE OF PLACE by URBAN RESEARCH,KOE,Another Edition,KBF,MM6,NIKE
UNIQLO,UNIQLO,VANS,しまむら,WEGO
Handmade,MILKFED.,VANS,MILKFED.,GLOBAL WORK
HARE,HARE,VANS,HARE,HARE
BLISS POINT,UNIQLO,MURUA,ZARA,CONVERSE
ANDJ,Levi's
KBF,ZARA,AZUL by moussy,TORY BURCH
EMODA,EMODA,BLISS POINT,ALLSAINTS,EMODA
KBF,Traditional Weatherwear,SEA
THE NORTH FACE PURPLE LABEL,WAREHOUSE,HUNTER,Xob
zootie,reca,studio CLIP,IL BISONTE,GU,しまむら,GU
GLOBAL WORK,GLOBAL WORK,NIKE,petit main
CONVERSE,無印良品
UGG,LUGG NAGG
BURBERRY,LOUIS VUITTON,studio CLIP,TOD’S,agete,agete,Dignite collier
PLAIN CLOTHING,ADAM ET ROPE',BOSCH
BEAUTY&YOUTH UNITED ARROWS,KBF,BEAUTY&YOUTH UNITED ARROWS
AZUL by moussy,LOWRYS FARM,Riletto
RRL,JOURNAL STANDARD relume,JOURNAL STANDARD relume,Afends,VANS
PLAIN CLOTHING,HOLIDAY,laboratory work
WEGO,Honeys,Honeys,NUOVO,CECIL McBEE
UNIQLO,UNIQLO,H&M
WC,mighty original
Chille anap,WEGO
GLOBAL WORK,DAISO
GLOBAL WORK,HOLIDAY,PLAIN CLOTHING
UNIQLO,GU,ユニクロ,UNIQLO,CONVERSE,no brand
NOLLEY’S,SAINT JAMES,mysty woman,GU,IL BISONTE,CONVERSE
BEAMS LIGHTS Women's,GLOBAL WORK,PLAIN CLOTHING
INGNI,INGNI,WEGO,INGNI
babyGAP,B:MING LIFE STORE by BEAMS,B:MING LIFE STORE by BEAMS,ZARA,OLD NAVY,Handmade
SANDERS,iliann loeb,Barbour,Gramicci,HAMILTON
La TOTALITE,PLAIN CLOTHING,laboratory work
FREAK'S STORE,GU,CANADA GOOSE,ZARA,GU
JEANASIS,BLISS POINT
RODEO CROWNS WIDE BOWL,mat quotidien
FREAK'S STORE,Johnbull,JOURNAL STANDARD,Paraboot
Dr.Martens,VICTORIA'S SECRET,ANN TAYLOR
GU,JILKY,Rouge vif,BEAMS LIGHTS Women's,SHOE BAR Deesse
BANKER,Levi's,Alexander Wang,AULA,VANS
fredy emue	,ADAM ET ROPE'
babyGAP,babyGAP
